[{"id":"1","title":"Phonegap Training","duration":"Basic to advanced phonegap trainin","price":"100 USD"},{"id":"2","title":"PHP Training","duration":"Learn Php from basics","price":"99 USD"},{"id":"3","title":"test","duration":"123","price":"123"},{"id":"4","title":"Phonegap","duration":"40","price":"18000"},{"id":"5","title":"test","duration":"123","price":"1231234"},{"id":"6","title":"From mobile","duration":"40","price":"13568"},{"id":"7","title":"Stinky","duration":"Conni","price":"Dunno"},{"id":"8","title":"ef","duration":"asfd","price":"adsf"},{"id":"9","title":"adfer","duration":"21e","price":"123"},{"id":"10","title":"test1","duration":"15days","price":"4000"},{"id":"11","title":"test1","duration":"15days","price":"4000"},{"id":"12","title":"tesy","duration":"sdf","price":"HGD"},{"id":"13","title":"kj","duration":"h","price":"h"},{"id":"14","title":"asdfasf","duration":"asdf","price":"234"},{"id":"15","title":"kjb","duration":"tgfeqq","price":"ggj"},{"id":"16","title":"exampl","duration":"2","price":"123"},{"id":"17","title":"abcd","duration":"34","price":"2341"},{"id":"18","title":"From mobilr","duration":"637","price":"637"},{"id":"19","title":"Gebdhhd","duration":"638849","price":"2527"},{"id":"20","title":"Phonegap from Browser","duration":"40","price":"123"}]

